Source ,Target
Kipas Angin,Polytron
Kipas Angin,Sharp
Kipas Angin,Panasonic
Kipas Angin,Philips
Kipas Angin,LG
Mesin Cuci,Polytron
Mesin Cuci,Panasonic
Mesin Cuci,Sharp
Mesin Cuci,Philips
Mesin Cuci,LG
Rice Cooker,Philips
Rice Cooker,Panasonic
Rice Cooker,LG
TV,Polytron
TV,LG
TV,Panasonic
TV,Sharp
lampu,Philips
lampu,Panasonic
lampu,Sharp
,
,
Rice Cooker,Sanken
Rice Cooker,Yongma
TV,Polytron
TV,Sharp
TV,LG
TV,Philips
TV,Panasonic
TV,Sanken
TV,Sony
TV,Samsung
TV,Akari
TV,CooCaa
